{
  "condition": "minecraft:alternative",
  "terms": [
    {
      "condition": "minecraft:entity_properties",
      "entity": "this",
      "predicate": {
        "equipment": {
          "mainhand": {
            "item": "minecraft:written_book",
            "nbt": "{Teleport:['point-set']}"
          }
        }
      }
    },
    {
      "condition": "minecraft:entity_properties",
      "entity": "this",
      "predicate": {
        "equipment": {
          "offhand": {
            "item": "minecraft:written_book",
            "nbt": "{Teleport:['point-set']}"
          }
        }
      }
    }
  ]
}